{
  "students": [
    {
      "id": 1,
      "firstName": "ahmed",
      "lastName": "umer",
      "email": "ahmedumer901@gmail.com"
    },
    {
      "id": 2,
      "firstName": "moeed",
      "lastName": "iqbal",
      "email": "iqbal0101@gmail.com"
    },
    {
      "id": 3,
      "firstName": "anwar",
      "lastName": "khan",
      "email": "anwarkhan786@gmail.com"
    },
    {
      "id": 4,
      "firstName": "sumair",
      "lastName": "aslam",
      "email": "aslamsumair00@gmail.com"
    },
    {
      "id": 5,
      "firstName": "iqbal",
      "lastName": "ayub",
      "email": "ayubkhan123@gmail.com"
    }
  ],
  "teachers": [
    {
      "id": 1,
      "firstName": "muhammad",
      "lastName": "asad",
      "email": "asad@gmail.com"
    },
    {
      "id": 2,
      "firstName": "muntaha",
      "lastName": "hiader",
      "email": "muntaha@gmail.com"
    },
    {
      "id": 3,
      "firstName": "mahnoor",
      "lastName": "aziz",
      "email": "aziz09@gmail.com"
    },
    {
      "id": 4,
      "firstName": "musfirah",
      "lastName": "lodhi",
      "email": "musfirahlodhi4@gmail.com"
    },
    {
      "id": 5,
      "firstName": "ahmar",
      "lastName": "mukhtar",
      "email": "ahmer@gmail.com"
    }
  ],
  "subjects": [
    {
      "id": 1,
      "subjectName": "math",
      "class": 6,
      "group": "Pre-Engineering"
    },
    {
      "id": 2,
      "subjectName": "english",
      "class": 1,
      "group": "GeneralScience"
    },
    {
      "id": 3,
      "subjectName": "NC",
      "class": 8,
      "group": "Pre-Engineering"
    },
    {
      "id": 4,
      "subjectName": "computer",
      "class": 2,
      "group": "Pre-Engineering"
    },
    {
      "id": 5,
      "subjectName": "english",
      "class": 10,
      "group": "GeneralScience"
    }
  ],
  "syllabus": [
    {
      "id": 1,
      "subjectName": "math",
      "class": 6
    },
    {
      "id": 2,
      "subjectName": "english",
      "class": 10
    },
    {
      "id": 3,
      "subjectName": "NC",
      "class": 8
    },
    {
      "id": 4,
      "subjectName": "computer",
      "class": 8
    },
    {
      "id": 5,
      "subjectName": "english",
      "class": 1
    }
  ],
  "classes": [
    {
      "id": 1,
      "firstName": "ahmed",
      "lastName": "khan",
      "fatherName": "bilal",
      "email": "ahmedbilal019@gmail.com",
      "class": 5
    },
    {
      "id": 2,
      "firstName": "anela",
      "lastName": "fahad",
      "fatherName": "fahad mirza",
      "email": "a@gmail.com",
      "class": 10
    },
    {
      "id": 3,
      "firstName": "ali",
      "lastName": "mukhtar",
      "fatherName": "mukhtar",
      "email": "ali786@gmail.com",
      "class": 4
    },
    {
      "id": 4,
      "firstName": "ayesha",
      "lastName": "lodhi",
      "fatherName": "kabeer lodhi",
      "email": "alodhi00@gmail.com",
      "class": 8
    },
    {
      "id": 5,
      "firstName": "fahad",
      "lastName": "mustafa",
      "fatherName": "mustafa khan",
      "email": "fahadmustafa@gmail.com",
      "class": 2
    }
  ]
}